-- --------------------------------------------------------
-- Host:                         77.81.105.198
-- Server version:               5.5.60-MariaDB - MariaDB Server
-- Server OS:                    Linux
-- HeidiSQL Version:             10.1.0.5464
-- --------------------------------------------------------

/*!40101 SET @OLD_CHARACTER_SET_CLIENT=@@CHARACTER_SET_CLIENT */;
/*!40101 SET NAMES utf8 */;
/*!50503 SET NAMES utf8mb4 */;
/*!40014 SET @OLD_FOREIGN_KEY_CHECKS=@@FOREIGN_KEY_CHECKS, FOREIGN_KEY_CHECKS=0 */;
/*!40101 SET @OLD_SQL_MODE=@@SQL_MODE, SQL_MODE='NO_AUTO_VALUE_ON_ZERO' */;


-- Dumping database structure for love_it
CREATE DATABASE IF NOT EXISTS `love_it` /*!40100 DEFAULT CHARACTER SET latin1 */;
USE `love_it`;

-- Dumping structure for table love_it.category
CREATE TABLE IF NOT EXISTS `category` (
  `id` int(150) NOT NULL AUTO_INCREMENT,
  `name` varchar(150) DEFAULT NULL,
  `parent_id` int(11) DEFAULT NULL,
  PRIMARY KEY (`id`)
) ENGINE=InnoDB AUTO_INCREMENT=7 DEFAULT CHARSET=latin1;

-- Dumping data for table love_it.category: ~6 rows (approximately)
/*!40000 ALTER TABLE `category` DISABLE KEYS */;
INSERT INTO `category` (`id`, `name`, `parent_id`) VALUES
	(1, 'Masini de spalat', NULL),
	(2, 'Frigidere', NULL),
	(3, 'Aragazuri', NULL),
	(4, 'Hote', NULL),
	(5, 'Altele...', NULL),
	(6, '', NULL);
/*!40000 ALTER TABLE `category` ENABLE KEYS */;

-- Dumping structure for table love_it.orders
CREATE TABLE IF NOT EXISTS `orders` (
  `id` int(150) NOT NULL AUTO_INCREMENT,
  `user_id` int(150) DEFAULT NULL,
  `state` varchar(150) DEFAULT NULL,
  `city` varchar(150) DEFAULT NULL,
  `street` varchar(150) DEFAULT NULL,
  `nr` varchar(150) DEFAULT NULL,
  PRIMARY KEY (`id`)
) ENGINE=InnoDB AUTO_INCREMENT=4 DEFAULT CHARSET=latin1;

-- Dumping data for table love_it.orders: ~3 rows (approximately)
/*!40000 ALTER TABLE `orders` DISABLE KEYS */;
INSERT INTO `orders` (`id`, `user_id`, `state`, `city`, `street`, `nr`) VALUES
	(1, 1, 'Ro', 'Craiova', 'a', '1'),
	(2, 2, 'Ro', 'Craiova', 'b', '2'),
	(3, 3, 'Ro', 'Craiova', 'c', '3');
/*!40000 ALTER TABLE `orders` ENABLE KEYS */;

-- Dumping structure for table love_it.order_items
CREATE TABLE IF NOT EXISTS `order_items` (
  `id` int(150) NOT NULL AUTO_INCREMENT,
  `product_id` int(150) DEFAULT NULL,
  `quantity` int(150) DEFAULT NULL,
  `price` float DEFAULT NULL,
  `order_id` int(150) DEFAULT NULL,
  PRIMARY KEY (`id`)
) ENGINE=InnoDB AUTO_INCREMENT=4 DEFAULT CHARSET=latin1;

-- Dumping data for table love_it.order_items: ~3 rows (approximately)
/*!40000 ALTER TABLE `order_items` DISABLE KEYS */;
INSERT INTO `order_items` (`id`, `product_id`, `quantity`, `price`, `order_id`) VALUES
	(1, 2, 5, 1000, 1),
	(2, 3, 1, 6465, 2),
	(3, 3, 2, 6465, 3);
/*!40000 ALTER TABLE `order_items` ENABLE KEYS */;

-- Dumping structure for table love_it.product
CREATE TABLE IF NOT EXISTS `product` (
  `id` int(150) NOT NULL AUTO_INCREMENT,
  `name` varchar(150) DEFAULT NULL,
  `description` text,
  `price` float DEFAULT NULL,
  `discount` float DEFAULT NULL,
  `category_id` float DEFAULT NULL,
  PRIMARY KEY (`id`)
) ENGINE=InnoDB AUTO_INCREMENT=17 DEFAULT CHARSET=latin1;

-- Dumping data for table love_it.product: ~16 rows (approximately)
/*!40000 ALTER TABLE `product` DISABLE KEYS */;
INSERT INTO `product` (`id`, `name`, `description`, `price`, `discount`, `category_id`) VALUES
	(1, 'Aragaz AEG CCB56401BW 50x60, Mixt, Plita vitroceramica 4 zone de gatit, Cuptor electric multufuntional ( 11 functii) Plus Steam - gatire cu abur, 57 l', 'Caracteristici\r\n<br>\r\n\r\nInformatii\r\n<br>\r\nBrand: Aeg\r\n<br> \r\nGarantie: 24 luni\r\n<br>\r\nSpecificatii generale:\r\n<br>\r\nCapacitate (l): 58\r\n<br>\r\nAlimentare plita/cuptor: Electric/Electric\r\n<br>\r\nGrill: Da\r\n<br>\r\nRotisare: Convectie aer fierbinte\r\n<br>\r\nFunctii cuptor: PlusSteam\r\n<br>\r\nIncalzire in partea inferioara\r\n<br>\r\nVentilator + Incalzire in partea superioara\r\n<br>\r\nFan + top + bottom (100C)\r\n<br>\r\nGrill +Incalzire in partea superioara\r\n<br>\r\nGrill +Incalzire in partea superioara +Ventilator\r\n<br>\r\nLumina\r\n<br>\r\nInel + Evaporator + Ventilator\r\n<br>\r\nInel + Ventilator\r\n<br>\r\nIncalzire in partea superioara + Incalzire in partea inferioara\r\n<br>\r\nIncalzire in partea superioara + Incalzire in partea inferioara + Ventilator\r\n<br>\r\nTermostat: Butoane de comanda\r\n<br>\r\nCavitate cuptor: Cavitate cuptor dotata cu grilaje telescopice\r\n<br>\r\nIntretinere: Email negru\r\n<br>\r\nEchipament\r\n<br>\r\nUsa: Usa cuptor usor de curatat\r\n<br>\r\nNumar arzatoare: 4\r\n<br>\r\nZone de incalzire plita: \r\n<br>\r\nIndicatii caldura reziduala pentru toate zonele\r\n<br>\r\nZona 1 - 1200W/140mm\r\n<br>\r\nZona 2 - 2000W(1100W/900W)/250mmX140mm/140mm \r\n<br>\r\nZona 3 - 1700W(1700W/700W)/180mm/120mm\r\n<br>\r\nZona 4 - 1200W/140mm\r\n<br>\r\nTava: \r\n<br>\r\n1 tava prajituri email negru\r\n<br>\r\n1 tava colectoare, email negru\r\n<br>\r\nGratar cromat: Da\r\n<br>\r\nGhidaje: Parte superioara cuptor\r\n<br>\r\nSertar inferior vase: Da\r\n<br>\r\nSpecificatii tehnice\r\n<br>\r\nClasa energetica: A\r\n<br>\r\nAlte informatii: \r\n<br>\r\nPlita vitroceramica\r\n<br>\r\nOrificiu evacuare abur din cuptor\r\n<br>\r\nCuloare: Alb\r\n<br>\r\nDimensiuni\r\n<br>\r\nLatime: 50 cm\r\n<br>\r\nAdancime: 60 cm\r\n<br>\r\nInaltime: 85.8 cm', 2799, 0.1, 3),
	(2, 'Aragaz Arctic AGM5511DTTL, Gaz, 4 arzatoare, Aprindere electrica, Grill, 50X50 cm', 'Caracteristici\r\n<br>\r\n\r\nInformati\r\n<br>i\r\nBrand: Arctic \r\n<br>\r\nGarantie: 36 luni\r\n<br>\r\n\r\nSpecificatii generale\r\n<br>\r\nAlimentare plita/cuptor: Gaz/Gaz\r\n<br>\r\nDispozitiv siguranta: Da\r\n<br>\r\nAprindere electrica: Da\r\n<br>\r\nGrill: Gaz\r\n<br>\r\nRotisare: Nu\r\n<br>\r\nCronometru: Da\r\n<br>\r\nEchipament\r\n<br>\r\nNumar arzatoare: 4\r\n<br>\r\nZone de incalzire plita: Putere arzatoare: 1 KW, 2 KW, 2 KW, 2,5KW\r\n<br>\r\nTava: 1\r\n<br>\r\nGratar cromat: 1\r\n<br>\r\nSpecificatii tehnice\r\n<br>\r\nDimensiuni (cm): 50X50\r\n<br>\r\nCuloare: Alb\r\n<br>\r\nDimensiuni\r\n<br>\r\nLatime: 50 cm\r\n<br>\r\nAdancime: 50 cm\r\n<br>\r\nInaltime: 85 cm\r\n<br>\r\nGreutate neta: 40 Kg', 1099, 0.2, 3),
	(3, 'Aragaz Gorenje Il Classico GI52CLI, Gaz, 4 arzatoare, 67 l, Clasa A+, Gratare fonta, 50x60 cm, Bej', 'Caracteristici\r\n<br>\r\n\r\n\r\nInformatii\r\n<br>\r\nBrand: Gorenje \r\n<br>\r\nGarantie: 24 luni\r\n<br>\r\n\r\nSpecificatii generale\r\n<br>\r\nCapacitate (l): 67\r\n<br>\r\nAlimentare plita/cuptor: Gaz/Gaz\r\n<br>\r\nDispozitiv siguranta: Da\r\n<br>\r\nAprindere electrica: Da\r\n<br>\r\nGrill: Electric\r\n<br>\r\nRotisare: Nu\r\n<br>\r\nTermostat: Da\r\n<br>\r\nCronometru: Analogic\r\n<br>\r\nCavitate cuptor: Eco Email\r\n<br>\r\nEchipament\r\n<br>\r\nCapac: Metalic\r\n<br>\r\nNumar arzatoare: 4\r\n<br>\r\nTava: 2\r\n<br>\r\nGratar cromat: 1\r\n<br>\r\nGhidaje: Sarma\r\n<br>\r\nIluminare cuptor: Da\r\n<br>\r\nSertar inferior vase: Da\r\n<br>\r\nAlte accesorii: Gratare din fonta plita\r\n<br>\r\nSpecificatii tehnice\r\n<br>\r\nClasa energetica: A+\r\n<br>\r\nDimensiuni (cm): 50X60\r\n<br>\r\nCuloare: Bej\r\n<br>\r\nDimensiuni\r\n<br>\r\nLatime: 50 cm\r\n<br>\r\nAdancime: 60.5 cm\r\n<br>\r\nInaltime: 85 cm\r\n<br>\r\nGreutate bruta: 47 kg\r\n<br>\r\nGreutate neta: 43,9 kg', 2290, 0.3, 3),
	(4, 'Aragaz Hansa FCMX59221, Mixt, 4 arzatoare gaz, Cuptor electric, 8 functii, Gratare din fonta, Grill, Rotisor, 50x60 cm, Inox', 'Caracteristici\r\n<br>\r\n\r\nInformatii\r\n<br>\r\nBrand: Hansa \r\n<br>\r\nGarantie: 24 luni\r\n<br>\r\n\r\nSpecificatii generale\r\n<br>\r\nCapacitate (l): 65\r\n<br>\r\nAlimentare plita/cuptor: Gaz/Electric\r\n<br>\r\nDispozitiv siguranta: Plita\r\n<br>\r\nAprindere electrica: Da (plita)\r\n<br>\r\nGrill: Electric\r\n<br>\r\nRotisare: Da\r\n<br>\r\nFunctii cuptor: \r\n<br>\r\nIncalzire in partea superioara si inferioara + ventilator\r\n<br>\r\nGrill\r\n<br>\r\nIncalzire in partea superioara + grill (supergrill)\r\n<br>\r\nDecongelare (numai ventilator)\r\n<br>\r\nIncalzire in partea inferioara\r\n<br>\r\nIncalzire rapida\r\n<br>\r\nIncalzire in partea superioara + grill + ventilator\r\n<br>\r\nIncalzire in partea superioara + incalzire in partea inferioara (conventional) \r\n<br>\r\nCavitate cuptor: Gri\r\n<br>\r\nIntretinere: Curatare catalitica\r\n<br>\r\nEchipament\r\n<br>\r\nUsa: \r\n<br>\r\n3 geamuri\r\n<br>\r\nRetete pe geamul interior al usii\r\n<br>\r\nSistem de curatare usoara a usii\r\n<br>\r\nCapac: Sticla\r\n<br>\r\nNumar arzatoare: 4\r\n<br>\r\nZone de incalzire plita: Arzator 1 kW\r\n<br>\r\nArzator 1,8 kW: 2 buc.\r\n<br>\r\nArzator 2.8 kW\r\n<br>\r\nTava: Da\r\n<br>\r\nGratar cromat: Da\r\n<br>\r\nGhidaje: Da\r\n<br>\r\nIluminare cuptor: Da\r\n<br>\r\nSertar inferior vase: Da\r\n<br>\r\nSpecificatii tehnice\r\n<br>\r\nClasa energetica: A\r\n<br>\r\nConsum: Consum de energie pentru modul conventional 0,99 \r\n<br>\r\nConsum de energie pentru modul ventilator fortat 0,87\r\n<br>\r\nPutere grill: 2000 W\r\n<br>\r\nNivel de zgomot (db): 49\r\n<br>\r\nDimensiuni (cm): 50X60\r\n<br>\r\nCuloare: Inox/Argintiu\r\n<br>\r\nDimensiuni\r\n<br>\r\nLatime: 50 cm\r\n<br>\r\nAdancime: 60 cm\r\n<br>\r\nInaltime: 85 cm\r\n<br>\r\nGreutate neta: 41 kg', 1799, 0.4, 3),
	(5, 'Combina frigorifica Arctic AK54305+, 291 L, Clasa A+, H 181.4 cm, L 54 cm, Garden Fresh, Alb', 'Caracteristici\r\n<br>\r\n\r\nInformatii\r\n<br>\r\nBrand: Arctic \r\n<br>\r\nGarantie: 60 luni\r\n<br>\r\n\r\nTipologie\r\n<br>\r\nTip aparat: Combina frigorifica\r\n<br>\r\nIncorporabil: Nu\r\n<br>\r\nSpecificatii generale\r\n<br>\r\nClasa energetica: A+\r\n<br>\r\nTehnologie racire: Statica\r\n<br>\r\nVolum total: 291\r\n<br>\r\nVolum total: 251 - 300 L\r\n<br>\r\nVolum frigider: 204\r\n<br>\r\nVolum congelator: 87\r\n<br>\r\nCompartiment frigider\r\n<br>\r\nDezghetare: Automata\r\n<br>\r\nNumar rafturi cabinet: 4\r\n<br>\r\nCutie fructe / legume: Da\r\n<br>\r\nRafturi pe usa: 4\r\n<br>\r\nCompartiment congelator\r\n<br>\r\nDecongelare: Manuala\r\n<br>\r\nCapacitate de congelare (Kg/24h): 4\r\n<br>\r\nNumar total compartimente: 3\r\n<br>\r\nDetalii tehnice\r\n<br>\r\nNumar compresoare: 1\r\n<br>\r\nConsum energetic (kW/an): 267\r\n<br>\r\nAutonomie fara curent (ore): 16\r\n<br>\r\nNivel de zgomot (dB): 40\r\n<br>\r\nCuloare: Alb\r\n<br>\r\nFunctionalitate\r\n<br>\r\nControl: Mecanic\r\n<br>\r\nIluminare interioara: Da\r\n<br>\r\nUsi reversibile: Da\r\n<br>\r\nManer: Vertical\r\n<br>\r\nDimensiuni\r\n<br>\r\nLatime: 54 cm\r\n<br>\r\nAdancime: 60 cm\r\n<br>\r\nInaltime: 181.4 cm', 1499, 0.5, 2),
	(6, 'Combina frigorifica Hotpoint Ariston ENBGH 19223 FW, No Frost, 450 l, A+, Display, H 195.5 cm, L 70 cm, Inox', 'Caracteristici\r\n<br>\r\n\r\nInformatii\r\n<br>\r\nBrand: Hotpoint Ariston \r\n<br>\r\nGarantie: 60 luni\r\n<br>\r\n<br>\r\n\r\nTipologie\r\n<br>\r\nTip aparat: Combina frigorifica\r\n<br>\r\nIncorporabil: Nu\r\n<br>\r\nSpecificatii generale\r\n<br>\r\nClasa energetica: A+\r\n<br>\r\nTehnologie racire: No Frost\r\n<br>\r\nVolum total: 450\r\n<br>\r\nVolum total: 351 - 450 L\r\n<br>\r\nVolum frigider: 302\r\n<br>\r\nVolum congelator: 148\r\n<br>\r\nCompartiment frigider\r\n<br>\r\nDezghetare: Automata\r\n<br>\r\nNumar rafturi cabinet: 3\r\n<br>\r\nCutie fructe / legume: Da\r\n<br>\r\nRafturi pe usa: Da\r\n<br>\r\nFunctie Super racire: Da\r\n<br>\r\nCompartiment congelator\r\n<br>\r\nDecongelare: Automata\r\n<br>\r\nCapacitate de congelare (Kg/24h): 18\r\n<br>\r\nNumar total compartimente: 3\r\n<br>\r\nFunctie super congelare: Da\r\n<br>\r\nDetalii tehnice\r\n<br>\r\nNumar compresoare: 1\r\n<br>\r\nConsum energetic (kW/an): 417\r\n<br>\r\nAutonomie fara curent (ore): 17\r\n<br>\r\nClasa climatica: SN.N.ST.T\r\n<br>\r\nNivel de zgomot (dB): 43\r\n<br>\r\nCuloare: Inox/Argintiu\r\n<br>\r\nFunctionalitate\r\n<br>\r\nControl: Electronic cu afisaj LCD extern\r\n<br>\r\nStele: 4\r\n<br>\r\nManer: Vertical\r\n<br>\r\nDimensiuni\r\n<br>\r\nLatime: 70 cm\r\n<br>\r\nAdancime: 75.5 cm\r\n<br>\r\nInaltime: 195.5 cm', 3299, 0, 2),
	(7, 'Combina frigorifica Beko RCNA400E21DZX, NeoFrost, 344 l, Clasa A+, EverFresh+, IonGuard, H 201 cm, Inox Antiamprenta', 'Caracteristici\r\n<br>\r\n\r\nInformati\r\n<br>\r\nBrand: Beko \r\n<br>\r\nGarantie: 60 luni\r\n<br>\r\nTipologie\r\n<br>\r\nTip aparat: Combina frigorifica\r\n<br>\r\nIncorporabil: Nu\r\n<br>\r\nSpecificatii generale\r\n<br>\r\nClasa energetica: A+\r\n<br>\r\nTehnologie racire: No Frost\r\n<br>\r\nVolum total: 344\r\n<br>\r\nVolum total: 301 - 350 L\r\n<br>\r\nVolum frigider: 247\r\n<br>\r\nVolum congelator: 97\r\n<br>\r\nFunctii speciale: \r\n<br>\r\nTehnologie NeoFrost\r\n<br>\r\nFunctie ionizare IonGuard\r\n<br>\r\nFiltru antimiros\r\n<br>\r\nCompartiment frigider\r\n<br>\r\nDezghetare: Automata\r\n<br>\r\nVentilator intern: Da\r\n<br>\r\nNumar rafturi cabinet: 3\r\n<br>\r\nCutie fructe / legume: 1\r\n<br>\r\nCompartimente speciale: Compartiment EverFresh+\r\n<br>\r\nRafturi pe usa: 4\r\n<br>\r\nSuport sticle: Da\r\n<br>\r\nCompartiment sticle pe usa: Da\r\n<br>\r\nSuport oua: Da\r\n<br>\r\nDozator apa: Da\r\n<br>\r\nFunctie Super racire: Da\r\n<br>\r\nCompartiment congelator\r\n<br>\r\nRacire: No Frost\r\n<br>\r\nDecongelare: Automata\r\n<br>\r\nCapacitate de congelare (Kg/24h): 5\r\n<br>\r\nTimp de atingere parametrii (h): 20\r\n<br>\r\nNumar total compartimente: 3\r\n<br>\r\nCompartiment congelare rapida: Da\r\n<br>\r\nFunctie super congelare: Da\r\n<br>\r\nDetalii tehnice\r\n<br>\r\nNumar compresoare: 1\r\n<br>\r\nConsum energetic (kW/an): 345\r\n<br>\r\nAutonomie fara curent (ore): 20\r\n<br>\r\nClasa climatica: SN-T\r\n<br>\r\nNivel de zgomot (dB): 43\r\n<br>\r\nCuloare: Inox/Argintiu\r\n<br>\r\nFunctionalitate\r\n<br>\r\nControl: Display electronic, touch control\r\n<br>\r\nIluminare interioara: LED\r\n<br>\r\nTratament antibacterian: Garnitura usa\r\n<br>\r\nUsi reversibile: Da\r\n<br>\r\nPicioare reglabile frontale: Da\r\n<br>\r\nPereti laterali: Gri\r\n<br>\r\nDimensiuni\r\n<br>\r\nLatime: 59.5 cm\r\n<br>\r\nAdancime: 65 cm\r\n<br>\r\nInaltime: 201 cm', 2799, 0.25, 2),
	(8, 'Combina frigorifica Bosch KGV58VL31S, 505 l, Clasa A++, LowFrost, H 191 cm, L 70 cm, Inox Look', 'Caracteristici\r\n<br>\r\nInformatii\r\n<br>\r\nBrand: Bosch \r\n<br>\r\nGarantie: 24 luni\r\n<br>\r\n\r\nTipologie\r\n<br>\r\nTip aparat: Combina frigorifica\r\n<br>\r\nIncorporabil: Nu\r\n<br>\r\nSpecificatii generale\r\n<br>\r\nClasa energetica: A++\r\n<br>\r\nTehnologie racire: Statica\r\n<br>\r\nVolum total: 505\r\n<br>\r\nVolum total: Peste 450 L\r\n<br>\r\nVolum frigider: 379\r\n<br>\r\nVolum congelator: 126\r\n<br>\r\nCompartiment frigider\r\n<br>\r\nCaracteristici frigider: 5 rafturi din sticla securizata (2 reglabile pe inaltime)\r\n<br>\r\nDezghetare: Automata\r\n<br>\r\nVentilator intern: Power Ventilation - racire dinamica cu ventilator interior\r\n<br>\r\nNumar rafturi cabinet: 5\r\n<br>\r\nCutie fructe / legume: CrisperBox\r\n<br>\r\nRafturi pe usa: \r\n<br>\r\n1 raft mare\r\n<br>\r\n3 rafturi mici\r\n<br>\r\nSuport sticle: Da\r\n<br>\r\nCompartiment congelator\r\n<br>\r\nCaracteristici congelator: \r\n<br>\r\nVarioZone - rafturi din sticla deta?abile pentru spa?iu suplimentar in congelator\r\n<br>\r\nCalendar pentru produse congelate\r\n<br>\r\nRacire: Sistem Low Frost - tehnologie pentru mai putina gheata in congelator\r\n<br>\r\nDecongelare: Manuala\r\n<br>\r\nCapacitate de congelare (Kg/24h): 14\r\n<br>\r\nNumar total compartimente: 2\r\n<br>\r\nFunctie super congelare: Da\r\n<br>\r\nDetalii compartimente: 2 sertare transparente in congelator din care 1 BigBox\r\n<br>\r\n\r\nDetalii tehnice\r\n<br>\r\nNumar compresoare: 1\r\n<br>\r\nConsum energetic (kW/an): 292\r\n<br>\r\nAutonomie fara curent (ore): 26\r\n<br>\r\nNivel de zgomot (dB): 40\r\n<br>\r\nCuloare: Inox/Argintiu\r\n<br>\r\nFunctionalitate\r\n<br>\r\nControl: Reglare electronica a temperaturii cu afisaj LED\r\n<br>\r\nIluminare interioara: Iluminare interioara cu LED, in frigider\r\n<br>\r\nUsi reversibile: Da\r\n<br>\r\nManer: Incastrat\r\n<br>\r\nPicioare reglabile frontale: Da\r\n<br>\r\nRole pe spate: Da\r\n<br>\r\nDimensiuni\r\n<br>\r\nLatime: 70 cm\r\n<br>\r\nAdancime: 77 cm\r\n<br>\r\nInaltime: 191 cm', 3899, 0.7, 2),
	(9, 'Masina de spalat Arctic APL71222BDW3, 7 kg, 1200 RPM, Clasa A+++, Display, Slim, Alb', 'Caracteristici\r\n<br>\r\n\r\nInformatii\r\n<br>\r\nBrand: Arctic\r\n<br> \r\nGarantie: 60 luni\r\n<br>\r\n\r\nSpecificatii tehnice\r\n<br>\r\nTip incarcare: Frontala\r\n<br>\r\nCapacitate (kg): 7\r\n<br>\r\nViteza de centrifugare (rpm): 1200\r\n<br>\r\nClasa energetica: A+++\r\n<br>\r\nViteza de centrifugare: 1100-1200\r\n<br>\r\nConsum energie anual (kW/an) *: 173\r\n<br>\r\nConsum apa anual (l/an) *: 9899\r\n<br>\r\nClasa eficienta spalare: A\r\n<br>\r\nClasa eficienta stoarcere: B\r\n<br>\r\nAfisaj: Digital\r\n<br>\r\nUscator: Nu\r\n<br>\r\nDescriere\r\n<br>\r\nFunctii: \r\n<br>\r\nBlocare acces interfata\r\n<br>\r\nSistem detectare spuma\r\n<br>\r\nSistemul ECO\r\n<br>\r\nEco dose\r\n<br>\r\nEco heater\r\n<br>\r\nNumar programe: 15\r\n<br>\r\nBumbac: Da\r\n<br>\r\nSintetice: Da\r\n<br>\r\nDelicate: Da\r\n<br>\r\nMix: Da\r\n<br>\r\nLana: Da\r\n<br>\r\nRapid: Da\r\n<br>\r\nIntensiv / Pete: Da\r\n<br>\r\nTermostat reglabil: Da\r\n<br>\r\nReglare automata consumuri: Da\r\n<br>\r\nAltele\r\n<br>\r\nNivel zgomot spalare (dB(A)): 62\r\n<br>\r\nNivel zgomot centrifugare (dB(A)): 77\r\n<br>\r\nGabarit: Slim\r\n<br>\r\nCuloare: Alb\r\n<br>\r\nIncorporabila: Nu\r\n<br>\r\nDimensiuni\r\n<br>\r\nLatime: 60 cm\r\n<br>\r\nAdancime: 50 cm\r\n<br>\r\nInaltime: 84 cm\r\n<br>\r\nGreutate bruta: 63 kg\r\n<br>\r\nGreutate neta: 62 kg', 1159, NULL, 1),
	(10, 'Masina de spalat rufe Beko WKY71233PTLYB3, 7 kg, 1200 RPM, Clasa A+++, Aquafusion, Slim, Alb', 'Caracteristici\r\n<br>\r\n\r\nInformatii\r\n<br>\r\nBrand: Beko\r\n<br> \r\nGarantie: 60 luni\r\n<br>\r\n\r\nSpecificatii tehnice\r\n<br>\r\nTip incarcare: Frontala\r\n<br>\r\nCapacitate (kg): 7\r\n<br>\r\nViteza de centrifugare (rpm): 1200\r\n<br>\r\nClasa energetica: A+++\r\n<br>\r\nViteza de centrifugare: 1100-1200\r\n<br>\r\nConsum energie anual (kW/an) *: 173\r\n<br>\r\nConsum apa anual (l/an) *: 9900\r\n<br>\r\nClasa eficienta spalare: A\r\n<br>\r\nClasa eficienta stoarcere: B\r\n<br>\r\nAfisaj: Display digital \r\n<br>\r\nUscator: Nu\r\n<br>\r\nDescriere\r\n<br>\r\nFunctii: \r\n<br>\r\nTehnologie AquaFusion\r\n<br>\r\nWoolmark Silver\r\n<br>\r\nNumar programe: 15\r\n<br>\r\nPrograme speciale: \r\n<br>\r\nProgram express zilnic\r\n<br>\r\nDark Care rece-40C\r\n<br>\r\nProgram Spalare manuala rece-20C\r\n<br>\r\nProgram camasi\r\n<br>\r\nFunctie de indepartarea parului de animale\r\n<br>\r\nPrespalare: Da\r\n<br>\r\nBumbac: \r\n<br>\r\nBumbac de la rece la 90C\r\n<br> \r\nBumbac Eco 40C-60C\r\n<br>\r\nSintetice: Sintetice rece-60C\r\n<br>\r\nMix: Mix rece-40C\r\n<br>\r\nLana: Lana rece-40C\r\n<br>\r\nSport: Da\r\n<br>\r\nBaby: Da\r\n<br>\r\nRapid: Express\r\n<br>\r\nControl balans: Da\r\n<br>\r\nReglare / excludere centrifugare: 1200/800/600/0\r\n<br>\r\nReglare automata consumuri: Da\r\n<br>\r\nExtra clatire: Da\r\n<br>\r\nStoarcere suplimentara: Da\r\n<br>\r\nPornire intarziata: 0-19h\r\n<br>\r\nBlocare acces copii: Da\r\n<br>\r\nAltele\r\n<br>\r\nNivel zgomot spalare (dB(A)): 63\r\n<br>\r\nNivel zgomot centrifugare (dB(A)): 77\r\n<br>\r\nDozator: Dispozitiv pentru detergent lichid\r\n<br>\r\nDiametru hublou: 34\r\n<br>\r\nDeschidere hublou: 170\r\n<br>\r\nNuanta hublou: Alb\r\n<br>\r\nInformatii generale: \r\n<br>\r\nRezistenta durabila\r\n<br>\r\nPereti laterali cu profil anti-vibratii\r\n<br>\r\nGabarit: Slim\r\n<br>\r\nCuloare: Alb\r\n<br>\r\nIncorporabila: Nu\r\n<br>\r\nDimensiuni\r\n<br>\r\nLatime: 60 cm\r\n<br>\r\nAdancime: 45 cm\r\n<br>\r\nInaltime: 84 cm', 1079, 0.1, 1),
	(11, 'Masina de spalat rufe Bosch Serie 6 Avantixx WAT28460BY, 8 Kg, 1400 rpm, A+++, EcoSilence Drive, Alb', 'Informatii\r\n<br>\r\nBrand: Bosch \r\n<br>\r\nGarantie: 24 luni\r\n<br>\r\n\r\nSpecificatii tehnice\r\n<br>\r\nTip incarcare: Frontala\r\n<br>\r\nCapacitate (kg): 8\r\n<br>\r\nViteza de centrifugare (rpm): 1400\r\n<br>\r\nClasa energetica: A+++\r\n<br>\r\nViteza de centrifugare: 1300-1400\r\n<br>\r\nConsum (kW/h) *: 0.74\r\n<br>\r\nConsum energie anual (kW/an) *: 137\r\n<br>\r\nConsum apa anual (l/an) *: 9900\r\n<br>\r\nVolum tambur (L): 63\r\n<br>\r\nClasa eficienta spalare: A\r\n<br>\r\nClasa eficienta stoarcere: B\r\n<br>\r\nUmiditate reziduala *: 53\r\n<br>\r\nMinute program standard *: 210\r\n<br>\r\nAfisaj: Display LED de dimensiuni mari cu afisarea derularii programului, a temperaturii, centrifugarii, timpului de spalare ramas, programarea terminarii programului (24 h), recomandare grad de incarcare si indicarea consumului estimat\r\n<br>\r\nMaterial cuva: Poliplex\r\n<br>\r\nUscator: Nu\r\n<br>\r\nDescriere\r\n<br>\r\nFunctii: \r\n<br>\r\nSistem 3D AquaTronic - pentru spalare eficienta\r\n<br>\r\nSelector cu control electronic pentru programele de spalare, temperatura si programe speciale\r\n<br>\r\nActiveWaterPlus: - sistem pentru controlul eficient al consumului de apa, cu trepte multiple de detectare a incarcaturii \r\n<br>\r\nEcoSilenceDrive - cea mai economica si silentioasa tehnologie de motorizare AntiVibration\r\n<br>\r\nVarioDrum: spalare delicata  si eficienta a sesaturilor\r\n<br>\r\nPrograme speciale: \r\n<br>\r\nTesaturi voluminoase (Geci cu puf)\r\n<br>\r\nCamasi/Bluze\r\n<br>\r\nCulori inchise\r\n<br>\r\nCuratare tambur\r\n<br>\r\nAllergiePlus\r\n<br>\r\nNight Wash\r\n<br>\r\nEconomic timp: VarioPerfect: optiuni pentru programe mai rapide sau cu consum de energie redus, cu pastrarea rezultatelor perfecte la spalare\r\n<br>\r\nPrespalare: Da\r\n<br>\r\nBumbac: Da\r\n<br>\r\nSintetice: Da\r\n<br>\r\nDelicate: Da\r\n<br>\r\nMix: Rapid/Mix\r\n<br>\r\nLana: Da\r\n<br>\r\nMatase / Perdele: Da\r\n<br>\r\nSport: Da\r\n<br>\r\nRapid: Super rapid 30\'/15\'\r\n<br>\r\nOptiuni: Taste touchControl: \r\n<br>\r\nPrespalare\r\n<br>\r\nProgramare pornire\r\n<br>\r\nCantitate suplimentara apa\r\n<br>\r\nTemperatura\r\n<br>\r\nStart / Pauza cu functie de reincarcare\r\n<br>\r\nSpeedPerfect\r\n<br>\r\nEcoPerfect\r\n<br>\r\nSelectie centrifugare/Fara centrifugare finala \r\n<br>\r\nDrumClean: program pentru cura?area tamburului\r\n<br>\r\nControl balans: Da\r\n<br>\r\nReglare / excludere centrifugare: Da\r\n<br>\r\nTermostat reglabil: Da\r\n<br>\r\nReglare automata consumuri: Da\r\n<br>\r\nAnti sifonare: Da\r\n<br>\r\nExtra clatire: Da\r\n<br>\r\nStoarcere suplimentara: Da\r\n<br>\r\nPornire intarziata: 1 - 24 h\r\n<br>\r\nBlocare acces copii: Da\r\n<br>\r\nAltele\r\n<br>\r\nNivel zgomot spalare (dB(A)): 49\r\n<br>\r\nNivel zgomot centrifugare (dB(A)): 74\r\n<br>\r\nDozator: Sertar detergent cu autocuratare\r\n<br>\r\nDispozitiv pentru utilizare detergent lichid\r\n<br>\r\nDiametru hublou: 32 cm\r\n<br>\r\nDeschidere hublou: 165\r\n<br>\r\nNuanta hublou: Alb\r\n<br>\r\nProtectie anti inundatie: Da\r\n<br>\r\nSemnal sonor: Da\r\n<br>\r\nInformatii generale: Posibilitate de incorporare sub blat in nisa cu inaltime de 85 cm\r\n<br>\r\nGabarit: Standard\r\n<br>\r\nCuloare: Alb\r\n<br>\r\nIncorporabila: Nu\r\n<br>\r\nDimensiuni\r\n<br>\r\nLatime: 59.8 cm\r\n<br>\r\nAdancime: 59 cm\r\n<br>\r\nInaltime: 84.8 cm', 2049, 0.1, 1),
	(12, 'Masina de spalat rufe LG Titan F2J5WN4W, 6.5 kg, 1200 RPM, Clasa A+++, Direct Drive, Slim, Alb', 'Caracteristici\r\n<br>\r\nInformatii\r\n<br>\r\nBrand: LG \r\n<br>\r\nGarantie: 24 luni\r\n<br>\r\n\r\nSpecificatii tehnice\r\n<br>\r\nTip incarcare: Frontala\r\n<br>\r\nCapacitate (kg): 6.5\r\n<br>\r\nViteza de centrifugare (rpm): 1200\r\n<br>\r\nClasa energetica: A+++\r\n<br>\r\nViteza de centrifugare: 1100-1200\r\n<br>\r\nConsum energie anual (kW/an) *: 120\r\n<br>\r\nConsum apa anual (l/an) *: 9500\r\n<br>\r\nVolum tambur (L): 42\r\n<br>\r\nClasa eficienta spalare: A\r\n<br>\r\nClasa eficienta stoarcere: B\r\n<br>\r\nAfisaj: LED\r\n<br>\r\nUscator: Nu\r\n<br>\r\nDescriere\r\n<br>\r\nFunctii: \r\n<br>\r\nInverter Direct Drive\r\n<br>\r\n6 Motion\r\n<br>\r\nAdaugare articole\r\n<br>\r\nNFC (Descarcare program, NFC)\r\n<br>\r\nNumar programe: 14\r\n<br>\r\nPrograme speciale: \r\n<br>\r\nPlapumi\r\n<br>\r\nIgienizare\r\n<br>\r\nPrespalare: Da\r\n<br>\r\nBumbac: \r\n<br>\r\nStandard\r\n<br>\r\nBumbac +\r\n<br>\r\nDelicate: Da\r\n<br>\r\nMix: Da\r\n<br>\r\nBaby: Da\r\n<br>\r\nRapid: Rapid 30\r\n<br>\r\nOptiuni: Optiune de spalare: Intensiva/Normala/Economie de timp\r\n<br>\r\nIntensiv / Pete: Antipata\r\n<br>\r\nReglare / excludere centrifugare: 1200/1100/1000/800/400/Fara centrifugare\r\n<br>\r\nTermostat reglabil: Rece/20/30/40/60/95\r\n<br>\r\nAnti sifonare: Da\r\n<br>\r\nExtra clatire: Optiune de clatire Normala/Clatire+\r\n<br>\r\nPornire intarziata: 3-19 ore\r\n<br>\r\nBlocare acces copii: Da\r\n<br>\r\nDiagnosticare service: Smart Diagnosis 3.0\r\n<br>\r\nAltele\r\n<br>\r\nNivel zgomot spalare (dB(A)): 55\r\n<br>\r\nNivel zgomot centrifugare (dB(A)): 74\r\n<br>\r\nDiametru hublou: 30 cm\r\n<br>\r\nDeschidere hublou: 150\r\n<br>\r\nNuanta hublou: Argintiu\r\n<br>\r\nSemnal sonor: Da\r\n<br>\r\nGabarit: Slim\r\n<br>\r\nCuloare: Alb\r\n<br>\r\nIncorporabila: Nu\r\n<br>\r\nDimensiuni\r\n<br>\r\nLatime: 60 cm\r\n<br>\r\nAdancime: 45 cm\r\n<br>\r\nInaltime: 85 cm\r\n<br>\r\nGreutate bruta: 64 kg\r\n<br>\r\nGreutate neta: 60 kg', 1385, NULL, 1),
	(13, 'Hota AEG DDE5980G incorporabila de blat, 90 cm, 1 motor, 700 mc/h, 3 viteze+ 2 intensiv, Control touch, Sticla neagra', 'Caracteristici\r\n<br>\r\n\r\nInformatii\r\n<br>\r\nBrand: Aeg \r\n<br>\r\nGarantie: 24 luni\r\n<br>\r\n\r\nSpecificatii generale\r\n<br>\r\nTip: Incorporabila in mobila (caseta)\r\n<br>\r\nCapacitate de absorbtie max (m3/h): 700\r\n<br>\r\nCapacitate de absorbtie max (m3/h): 601 - 700\r\n<br>\r\nClasa eficienta energetica: A\r\n<br>\r\nClasa eficienta a filtrare grasimi: D\r\n<br>\r\nTrepte de viteza: 3 + 2 Intensiv\r\n<br>\r\nNivel de zgomot (db): 54\r\n<br>\r\nControl: Touch Control\r\n<br>\r\nFiltru pentru grasimi: Aluminiu\r\n<br>\r\nIluminare: 1x banda LED\r\n<br>\r\nRegim functionare: Absortie aer sau posibilitate de recirculare\r\n<br>\r\nDiametru tub evacuare: 150 mm\r\n<br>\r\nDimensiuni (IxLxA): 0 - 40.7 x 88 x 95 cm\r\n<br>\r\nLatime: 61 - 89 cm\r\n<br>\r\nAccesorii incluse: Filtru de carbon EFB1061, PNC 902 979 734\r\n<br>\r\nCuloare: Negru\r\n<br>\r\nAltele: Functie Breeze\r\n<br>\r\nSilenceTech\r\n<br>\r\nAspirare perimetrica pentru consum redus de energie si nivel scazut de zgomot\r\n<br>\r\nIndicator schimbare filtru grasime\r\n<br>\r\nIndicator pentru schimbare filtru carbon', 8999, 2, 4),
	(14, 'Hota insula Bosch Serie 6 DIB97JP50, Capacitate 718 m/h (intensiv, mod evacuare), 3 viteze + 2 intensiv, TouchControl', 'Caracteristici\r\n<br>\r\n\r\nInformatii\r\n<br>\r\nBrand: Bosch \r\n<br>\r\nGarantie: 24 luni\r\n<br>\r\n\r\nSpecificatii generale\r\n<br>\r\nTip: Insula\r\n<br>\r\nCapacitate de absorbtie max (m3/h): 718 (intensiv, mod evacuare)\r\n<br>\r\nCapacitate de absorbtie max (m3/h): Peste 700\r\n<br>\r\nClasa eficienta energetica: A\r\n<br>\r\nClasa eficienta fluido-dinamica: A\r\n<br>\r\nClasa eficienta iluminare: A\r\n<br>\r\nClasa eficienta a filtrare grasimi: B\r\n<br>\r\nPutere (W): 146 W\r\n<br>\r\nNumar motoare: 1\r\n<br>\r\nTrepte de viteza: 3 + 2 Intensiv\r\n<br>\r\nNivel de zgomot (db): 65 (mod evacuare)\r\n<br>\r\nControl: TouchControl\r\n<br>\r\nFiltru pentru grasimi: \r\n<br>\r\nFiltru metalic lavabil\r\n<br>\r\nCarcasa filtru grasime din inox\r\n<br>\r\nIluminare: 4 x 1,5W LED\r\n<br>\r\nLatime: 90 cm\r\n<br>\r\nCuloare: Inox/Argintiu\r\n<br>\r\nAltele: \r\n<br>\r\nFunctie de operare cu oprire automata dupa 10 min\r\n<br>\r\nFunctie DimmLight - reducerea intensitatii luminoase\r\n<br>\r\nIndicator de saturare pentru filtru de grasime si carbon\r\n<br>\r\nEcoSilence Drive - motor BLDC (brushless)\r\n<br>\r\nDimensiuni pentru montaj cu evacuare (xLxA): 744-924 x 898 x 600 mm\r\n<br>\r\nDimensiuni in mod recirculare cu modul CleanAir (xLxA): 812-1044 x 898 x 600 mm\r\n<br>\r\nDimensiuni pentru montaj cu recirculare (xLxA): 744-1044 x 898 x 600 mm', 5699, 2, 4),
	(15, 'Hota insula Electrolux KFIA19R, 700 mc/h, Latime, 90 cm, 1 motor, 3 viteze+intensiv, 1 filtru de aluminiu lavabil', 'Caracteristici\r\n<br>\r\n\r\nInformatii\r\n<br>\r\nBrand: Electrolux \r\n<br>\r\nGarantie: 24 luni\r\n<br>\r\n\r\nSpecificatii generale\r\n<br>\r\nTip: Insula\r\n<br>\r\nCapacitate de absorbtie max (m3/h): 700 (intensiv)\r\n<br>\r\nCapacitate de absorbtie max (m3/h): 601 - 700\r\n<br>\r\nClasa eficienta energetica: A\r\n<br>\r\nClasa eficienta a filtrare grasimi: C\r\n<br>\r\nNumar motoare: 1\r\n<br>\r\nTrepte de viteza: 3 + Intensiv\r\n<br>\r\nNivel de zgomot (db): 64\r\n<br>\r\nControl: Butoane electronice de tip push\r\n<br>\r\nFiltru pentru grasimi: 1x design din inox\r\n<br>\r\nIluminare: 4x spot LED\r\n<br>\r\nDiametru tub evacuare: 150 mm\r\n<br>\r\nLatime: 90 cm\r\n<br>\r\nCuloare: Negru\r\n<br>\r\nAltele: \r\n<br>\r\nConectivitate plita\r\n<br>\r\nTelecomanda inclusa\r\n<br>\r\nIndicator schimbare filtru grasime\r\n<br>\r\nIndicator pentru schimbare filtru carbon\r\n<br>\r\nFiltru de carbon inclus \r\n<br>\r\nDistanta minima fata de plita electrica (cm): 50\r\n<br>\r\nDistanta minima fata de plita pe gaz (cm): 65\r\n<br>\r\nDetalii culoare: Negru mat\r\n<br>\r\nDimensiuni\r\n<br>\r\nLatime: 90 cm\r\n<br>\r\nAdancime: 35 cm\r\n<br>\r\nInaltime: 51 cm', 5799, 10, 4),
	(16, 'Hota Franke Crystal FCRV 908 BK 330.0536.839, Decorativa ecran, Capacitate 730 m3/H (intensiv, mod evacuare), 3 viteze+intensiv', 'Caracteristici\r\n<br>\r\n\r\nInformatii\r\n<br>\r\nBrand: Franke \r\n<br>\r\nGarantie: 36 luni\r\n<br>\r\n\r\nSpecificatii generale\r\n<br>\r\nTip: Decorativa (ecran)\r\n<br>\r\nCapacitate de absorbtie max (m3/h): 730 (intensiv, mod evacuare)\r\n<br>\r\nCapacitate de absorbtie max (m3/h): Peste 700\r\n<br>\r\nClasa eficienta energetica: A+\r\n<br>\r\nClasa eficienta fluido-dinamica: A\r\n<br>\r\nClasa eficienta iluminare: A\r\n<br>\r\nClasa eficienta a filtrare grasimi: B\r\n<br>\r\nPutere (W): 270\r\n<br>\r\nTrepte de viteza: 3+intensiv\r\n<br>\r\nNivel de zgomot (db): 71 (intensiv)\r\n<br>\r\nControl: Touch control\r\n<br>\r\nIluminare: LED 2x1W\r\n<br>\r\nDiametru tub evacuare:  150 mm\r\n<br>\r\nLatime: 90 cm\r\n<br>\r\nCuloare: Negru\r\n<br>\r\nAltele: Functie oprire automata dupa 30 minute\r\n<br>\r\nConsum energetic estimat anual: 41 kwh/an\r\n<br>\r\nDimensiuni\r\n<br>\r\nLatime: 89.8 cm\r\n<br>\r\nInaltime: 48.5 cm', 3529, 10, 4);
/*!40000 ALTER TABLE `product` ENABLE KEYS */;

-- Dumping structure for table love_it.product_images
CREATE TABLE IF NOT EXISTS `product_images` (
  `id` int(150) NOT NULL AUTO_INCREMENT,
  `url` varchar(50) DEFAULT NULL,
  `product_id` int(150) DEFAULT NULL,
  PRIMARY KEY (`id`)
) ENGINE=InnoDB AUTO_INCREMENT=17 DEFAULT CHARSET=latin1;

-- Dumping data for table love_it.product_images: ~16 rows (approximately)
/*!40000 ALTER TABLE `product_images` DISABLE KEYS */;
INSERT INTO `product_images` (`id`, `url`, `product_id`) VALUES
	(1, 'images/ARAEG1.jpg', 1),
	(2, 'images/ARArctic1.jpg', 2),
	(3, 'images/ARBeko1.jpg', 3),
	(4, 'images/ARHansa1.png', 4),
	(5, 'images/CFArctic1.jpg', 5),
	(6, 'images/CFAriston1.jpg', 6),
	(7, 'images/CFBeko1.jpg', 7),
	(8, 'images/CFBosch1.jpg', 8),
	(9, 'images/MSArctic1.jpg', 9),
	(10, 'images/MSBeko1.jpg', 10),
	(11, 'images/MSBosch1.jpg', 11),
	(12, 'images/MSLG1.jpg', 12),
	(13, 'images/HAEG1.jpg', 13),
	(14, 'images/HBostch1.jpg', 14),
	(15, 'images/HElectro1.jpg', 15),
	(16, 'images/HFranke1.jpg', 16);
/*!40000 ALTER TABLE `product_images` ENABLE KEYS */;

-- Dumping structure for table love_it.user
CREATE TABLE IF NOT EXISTS `user` (
  `id` int(11) NOT NULL AUTO_INCREMENT,
  `username` varchar(150) DEFAULT NULL,
  `password` varchar(150) DEFAULT NULL,
  `phone` int(11) DEFAULT NULL,
  `email` varchar(150) DEFAULT NULL,
  PRIMARY KEY (`id`)
) ENGINE=InnoDB AUTO_INCREMENT=4 DEFAULT CHARSET=latin1;

-- Dumping data for table love_it.user: ~3 rows (approximately)
/*!40000 ALTER TABLE `user` DISABLE KEYS */;
INSERT INTO `user` (`id`, `username`, `password`, `phone`, `email`) VALUES
	(1, 'irina', 'it2019', 6161, 'y@yahoo.com'),
	(2, 'diana', 'loveit', 51516, 'd@yahoo.com'),
	(3, 'marius', 'magazin', 1516, 'm@yahoo.com');
/*!40000 ALTER TABLE `user` ENABLE KEYS */;

/*!40101 SET SQL_MODE=IFNULL(@OLD_SQL_MODE, '') */;
/*!40014 SET FOREIGN_KEY_CHECKS=IF(@OLD_FOREIGN_KEY_CHECKS IS NULL, 1, @OLD_FOREIGN_KEY_CHECKS) */;
/*!40101 SET CHARACTER_SET_CLIENT=@OLD_CHARACTER_SET_CLIENT */;
